p_physical,E_QEC_J,passive_wins
9.1470e-03,inf,1
1.7051e-05,2.0857e-15,1
9.5962e-03,inf,1
6.8348e-05,1.4223e-15,1
2.2366e-04,9.5610e-16,1
7.7817e-05,1.3668e-15,1
6.2073e-05,1.4642e-15,1
3.5990e-05,1.7130e-15,1
6.5000e-05,1.4441e-15,1
1.4762e-03,2.6095e+22,1
3.3968e-05,1.7406e-15,1
2.0340e-03,2.9523e+184,1
9.5523e-03,inf,1
1.8634e-04,1.0218e-15,1
2.6310e-04,8.9964e-16,1
3.2175e-03,inf,1
9.4866e-05,1.2841e-15,1
5.5894e-03,inf,1
2.4425e-04,9.2524e-16,1
7.4241e-04,1.9664e-15,1
2.2690e-03,inf,1
1.4404e-04,1.1183e-15,1
1.3007e-03,1.3918e+03,1
1.5996e-05,2.1193e-15,1
1.4606e-05,2.1675e-15,1
8.1218e-03,inf,1
3.0573e-03,inf,1
1.1987e-05,2.2743e-15,1
8.2567e-04,6.8124e-15,1
1.7365e-05,2.0762e-15,1
4.2159e-05,1.6388e-15,1
4.9000e-03,inf,1
2.2359e-05,1.9463e-15,1
4.1958e-03,inf,1
3.4647e-05,1.7311e-15,1
1.7388e-04,1.0473e-15,1
8.2144e-04,6.2725e-15,1
3.4985e-03,inf,1
4.7380e-03,inf,1
1.3386e-05,2.2143e-15,1
8.8345e-04,2.7253e-14,1
2.9136e-04,8.6531e-16,1
1.4341e-05,2.1773e-15,1
9.6502e-03,inf,1
1.0284e-03,1.6178e-11,1
3.6196e-04,7.9715e-16,1
1.3759e-03,1.3811e+10,1
4.4851e-03,inf,1
1.6411e-03,4.3495e+51,1
4.6480e-04,7.4279e-16,1
8.4890e-04,1.1194e-14,1
6.5536e-04,1.0211e-15,1
4.9826e-03,inf,1
1.5893e-05,2.1227e-15,1
5.9088e-04,8.1788e-16,1
1.2113e-03,7.3304e-04,1
5.4520e-05,1.5217e-15,1
1.9994e-03,2.3817e+168,1
1.0150e-03,7.1820e-12,1
6.8401e-04,1.1997e-15,1
5.3235e-05,1.5324e-15,1
5.8984e-04,8.1599e-16,1
2.0021e-04,9.9570e-16,1
5.0097e-03,inf,1
1.6574e-03,1.7485e+55,1
3.9499e-05,1.6692e-15,1
7.3707e-05,1.3899e-15,1
1.9346e-03,5.9999e+140,1
3.5629e-05,1.7178e-15,1
1.8290e-03,2.0860e+102,1
5.6514e-04,7.7989e-16,1
1.0208e-04,1.2542e-15,1
1.7965e-03,1.0657e+92,1
3.3112e-04,8.2405e-16,1
2.4544e-03,inf,1
8.5094e-05,1.3292e-15,1
2.4105e-04,9.2982e-16,1
9.3625e-05,1.2895e-15,1
1.3607e-05,2.2055e-15,1
8.6282e-05,1.3234e-15,1
3.0291e-05,1.7958e-15,1
7.8890e-03,inf,1
1.0658e-05,2.3389e-15,1
5.3681e-05,1.5286e-15,1
9.3447e-04,1.4953e-13,1
1.3926e-04,1.1313e-15,1
2.0160e-05,1.9990e-15,1
3.1756e-04,8.3727e-16,1
1.6183e-05,2.1132e-15,1
1.4909e-05,2.1566e-15,1
1.0446e-03,4.6306e-11,1
2.6794e-05,1.8559e-15,1
1.0808e-05,2.3312e-15,1
6.7571e-04,1.1396e-15,1
2.8033e-03,inf,1
5.8467e-03,inf,1
9.4292e-03,inf,1
1.3901e-04,1.1320e-15,1
4.9805e-03,inf,1
2.4020e-05,1.9102e-15,1
3.4330e-03,inf,1
1.1790e-05,2.2833e-15,1
3.7656e-04,7.8595e-16,1
9.6141e-04,4.5691e-13,1
2.7957e-03,inf,1
2.8577e-04,8.7175e-16,1
8.0051e-04,4.3131e-15,1
1.1520e-05,2.2960e-15,1
2.1898e-03,3.2599e+269,1
1.9156e-03,1.7523e+133,1
1.5624e-04,1.0874e-15,1
4.6960e-03,inf,1
2.9478e-05,1.8090e-15,1
1.5767e-04,1.0839e-15,1
1.2643e-05,2.2452e-15,1
1.4427e-05,2.1741e-15,1
6.7154e-04,1.1121e-15,1
1.1158e-04,1.2183e-15,1
1.2378e-04,1.1772e-15,1
2.2408e-04,9.5543e-16,1
1.6082e-05,2.1165e-15,1
1.0629e-05,2.3405e-15,1
1.7289e-05,2.0785e-15,1
5.8617e-04,8.0960e-16,1
9.6133e-04,4.5535e-13,1
7.1463e-05,1.4031e-15,1
1.2806e-04,1.1639e-15,1
1.0033e-05,2.3725e-15,1
8.7161e-03,inf,1
1.8003e-04,1.0345e-15,1
1.1032e-05,2.3199e-15,1
7.2342e-03,inf,1
5.1795e-05,1.5447e-15,1
1.5078e-03,1.1922e+27,1
1.6373e-05,2.1070e-15,1
2.7565e-05,1.8419e-15,1
2.0575e-03,9.5565e+195,1
1.2150e-03,1.2245e-03,1
2.4023e-03,inf,1
2.1853e-03,5.4612e+266,1
3.5860e-03,inf,1
2.4802e-05,1.8942e-15,1
5.6175e-03,inf,1
1.2142e-05,2.2672e-15,1
8.0304e-03,inf,1
5.8076e-05,1.4936e-15,1
2.2155e-05,1.9509e-15,1
8.8120e-05,1.3146e-15,1
1.9699e-04,1.0016e-15,1
4.3874e-03,inf,1
2.8052e-04,8.7795e-16,1
4.5358e-05,1.6051e-15,1
7.0885e-03,inf,1
2.7388e-03,inf,1
2.9011e-05,1.8168e-15,1
8.3558e-04,8.3430e-15,1
5.3025e-04,7.5114e-16,1
1.5616e-03,9.8916e+35,1
1.5091e-03,1.8706e+27,1
3.6676e-05,1.7041e-15,1
1.4806e-05,2.1603e-15,1
1.5212e-04,1.0975e-15,1
1.0187e-05,2.3641e-15,1
6.1844e-05,1.4659e-15,1
2.5260e-05,1.8851e-15,1
3.9189e-04,7.7529e-16,1
2.6922e-03,inf,1
6.4163e-05,1.4497e-15,1
1.4860e-03,6.5805e+23,1
2.4237e-03,inf,1
2.7396e-03,inf,1
1.0981e-03,2.7928e-09,1
6.7897e-04,1.1622e-15,1
1.1656e-03,2.3676e-06,1
7.5561e-04,2.2829e-15,1
4.8457e-03,inf,1
1.0942e-03,2.0032e-09,1
3.5810e-04,8.0028e-16,1
1.5595e-03,4.1319e+35,1
8.9231e-03,inf,1
2.3671e-03,inf,1
2.7462e-03,inf,1
3.0262e-05,1.7963e-15,1
3.7943e-03,inf,1
5.6166e-05,1.5084e-15,1
2.0631e-05,1.9872e-15,1
9.0410e-04,5.1108e-14,1
1.7070e-04,1.0542e-15,1
1.0404e-03,3.4960e-11,1
1.4442e-04,1.1173e-15,1
3.7297e-04,7.8861e-16,1
9.9213e-03,inf,1
1.1143e-05,2.3143e-15,1
8.0130e-04,4.3699e-15,1
1.0433e-04,1.2454e-15,1
6.5833e-03,inf,1
6.4157e-05,1.4498e-15,1
1.0714e-04,1.2346e-15,1
1.7401e-05,2.0751e-15,1
4.5198e-04,7.4596e-16,1
6.1327e-04,8.6707e-16,1
5.1565e-03,inf,1
1.4244e-04,1.1226e-15,1
6.7033e-03,inf,1
2.4721e-05,1.8958e-15,1
7.7268e-05,1.3698e-15,1
1.4495e-03,6.1741e+18,1
3.0195e-05,1.7973e-15,1
3.0098e-05,1.7989e-15,1
2.5828e-03,inf,1
1.1498e-04,1.2064e-15,1
4.8426e-05,1.5751e-15,1
2.5075e-05,1.8887e-15,1
3.9097e-05,1.6740e-15,1
1.1114e-03,9.0996e-09,1
2.7138e-05,1.8496e-15,1
1.4047e-04,1.1280e-15,1
5.4356e-05,1.5230e-15,1
1.9612e-04,1.0032e-15,1
1.6090e-05,2.1162e-15,1
4.1561e-03,inf,1
3.0416e-03,inf,1
1.0295e-05,2.3582e-15,1
4.1743e-03,inf,1
1.9221e-04,1.0105e-15,1
3.7198e-05,1.6974e-15,1
2.7443e-05,1.8441e-15,1
1.0291e-03,1.6888e-11,1
1.3155e-04,1.1534e-15,1
3.4526e-04,8.1117e-16,1
2.1540e-04,9.6946e-16,1
1.2142e-03,1.0862e-03,1
2.1903e-04,9.6351e-16,1
2.6065e-05,1.8695e-15,1
8.2891e-05,1.3401e-15,1
9.1501e-03,inf,1
1.2447e-03,9.4507e-02,1
2.6099e-04,9.0239e-16,1
4.0142e-04,7.6926e-16,1
7.1457e-05,1.4031e-15,1
4.1296e-05,1.6484e-15,1
3.0438e-05,1.7934e-15,1
5.0754e-03,inf,1
5.5160e-04,7.6607e-16,1
3.6297e-03,inf,1
3.5073e-03,inf,1
8.1182e-03,inf,1
4.9578e-03,inf,1
5.5706e-04,7.7120e-16,1
6.2408e-05,1.4619e-15,1
1.6286e-03,9.0557e+48,1
2.8581e-05,1.8241e-15,1
2.6869e-04,8.9249e-16,1
4.6597e-04,7.4256e-16,1
4.5976e-04,7.4388e-16,1
1.0184e-05,2.3642e-15,1
1.0920e-05,2.3255e-15,1
3.3792e-05,1.7431e-15,1
2.6816e-04,8.9315e-16,1
1.9039e-05,2.0284e-15,1
4.9223e-04,7.4067e-16,1
6.5456e-05,1.4411e-15,1
3.3917e-05,1.7413e-15,1
4.2516e-05,1.6349e-15,1
6.6347e-03,inf,1
4.3721e-05,1.6220e-15,1
3.8309e-05,1.6835e-15,1
2.3653e-05,1.9179e-15,1
1.6912e-03,1.4108e+63,1
3.7026e-04,7.9066e-16,1
7.0268e-04,1.3682e-15,1
6.0777e-05,1.4735e-15,1
1.3725e-03,6.1933e+09,1
1.5911e-03,2.6905e+41,1
4.1489e-05,1.6463e-15,1
1.4619e-05,2.1671e-15,1
3.5045e-04,8.0668e-16,1
3.1511e-05,1.7767e-15,1
2.6508e-03,inf,1
1.5790e-05,2.1261e-15,1
2.7682e-05,1.8398e-15,1
4.4262e-05,1.6163e-15,1
3.8281e-05,1.6839e-15,1
2.2510e-03,inf,1
6.2426e-04,8.9831e-16,1
4.0499e-03,inf,1
3.9187e-05,1.6729e-15,1
3.7101e-05,1.6987e-15,1
3.0735e-05,1.7887e-15,1
4.1949e-04,7.5916e-16,1
1.5128e-03,6.9987e+27,1
4.8021e-03,inf,1
5.0711e-03,inf,1
2.7351e-03,inf,1
6.6090e-03,inf,1
2.2341e-05,1.9467e-15,1
2.4400e-05,1.9024e-15,1
4.8142e-04,7.4068e-16,1
4.7522e-04,7.4118e-16,1
2.9080e-04,8.6595e-16,1
7.7917e-03,inf,1
2.6629e-04,8.9554e-16,1
2.5109e-05,1.8881e-15,1
2.3429e-04,9.3975e-16,1
3.9356e-04,7.7419e-16,1
3.0831e-05,1.7872e-15,1
1.4014e-03,8.3948e+12,1
9.4454e-03,inf,1
1.6276e-04,1.0720e-15,1
4.9151e-04,7.4064e-16,1
2.0715e-05,1.9851e-15,1
6.4794e-04,9.8636e-16,1
9.2110e-05,1.2963e-15,1
2.3653e-03,inf,1
2.1013e-04,9.7832e-16,1
1.7397e-04,1.0471e-15,1
5.0094e-05,1.5598e-15,1
3.8456e-04,7.8024e-16,1
9.9583e-04,2.4529e-12,1
2.8604e-05,1.8237e-15,1
2.4792e-04,9.2006e-16,1
1.7643e-03,3.1898e+82,1
8.5468e-03,inf,1
1.3720e-03,5.4420e+09,1
7.3377e-03,inf,1
2.2626e-04,9.5201e-16,1
1.0319e-05,2.3569e-15,1
2.5113e-05,1.8880e-15,1
5.1260e-03,inf,1
1.0346e-05,2.3554e-15,1
2.4816e-04,9.1973e-16,1
2.8226e-04,8.7588e-16,1
7.8722e-03,inf,1
1.2618e-03,1.4485e+00,1
3.2368e-04,8.3120e-16,1
3.4680e-03,inf,1
6.8891e-04,1.2391e-15,1
2.0551e-04,9.8628e-16,1
2.2478e-04,9.5434e-16,1
7.8115e-04,3.1940e-15,1
1.4918e-05,2.1563e-15,1
4.6935e-05,1.5894e-15,1
8.9277e-04,3.5858e-14,1
1.0450e-04,1.2447e-15,1
4.2993e-05,1.6297e-15,1
3.8923e-03,inf,1
4.2445e-05,1.6357e-15,1
2.0630e-04,9.8491e-16,1
1.9739e-03,1.2929e+157,1
2.1654e-05,1.9625e-15,1
1.3212e-04,1.1517e-15,1
7.4119e-05,1.3875e-15,1
7.7244e-03,inf,1
2.9514e-05,1.8084e-15,1
2.2036e-05,1.9537e-15,1
2.9836e-03,inf,1
1.4502e-05,2.1713e-15,1
9.0004e-03,inf,1
4.9540e-03,inf,1
1.0482e-05,2.3482e-15,1
2.4253e-05,1.9054e-15,1
2.0000e-04,9.9608e-16,1
5.2106e-04,7.4692e-16,1
4.7884e-04,7.4085e-16,1
6.6411e-03,inf,1
2.8846e-04,8.6863e-16,1
4.7804e-04,7.4091e-16,1
7.2200e-04,1.6075e-15,1
2.3732e-04,9.3526e-16,1
6.3349e-04,9.2891e-16,1
4.3073e-04,7.5382e-16,1
2.2788e-03,inf,1
3.9598e-05,1.6680e-15,1
3.7756e-05,1.6904e-15,1
8.5440e-04,1.2735e-14,1
1.4778e-05,2.1613e-15,1
6.3084e-03,inf,1
2.1538e-05,1.9652e-15,1
3.7558e-05,1.6929e-15,1
1.4429e-03,8.5186e+17,1
2.0478e-05,1.9910e-15,1
1.3570e-03,1.6636e+08,1
1.5975e-04,1.0790e-15,1
9.7844e-04,1.0108e-12,1
4.0098e-03,inf,1
4.1123e-04,7.6355e-16,1
1.9427e-03,1.0715e+144,1
6.4656e-04,9.8029e-16,1
2.1374e-04,9.7222e-16,1
1.9836e-03,2.2162e+161,1
9.1067e-03,inf,1
7.1648e-04,1.5309e-15,1
3.5730e-03,inf,1
8.0524e-04,4.6719e-15,1
6.0205e-03,inf,1
2.4778e-05,1.8947e-15,1
1.9420e-04,1.0067e-15,1
1.4412e-05,2.1747e-15,1
1.0359e-03,2.6038e-11,1
2.2303e-05,1.9476e-15,1
3.3690e-05,1.7445e-15,1
1.4903e-05,2.1568e-15,1
7.8943e-05,1.3607e-15,1
1.2084e-03,4.9396e-04,1
2.9557e-04,8.6058e-16,1
6.1669e-03,inf,1
2.3957e-05,1.9115e-15,1
1.3745e-05,2.2001e-15,1
1.5149e-05,2.1481e-15,1
2.1622e-03,7.7411e+252,1
8.0410e-04,4.5815e-15,1
2.5544e-05,1.8795e-15,1
1.7076e-05,2.0850e-15,1
1.7381e-05,2.0757e-15,1
1.3596e-04,1.1406e-15,1
4.3168e-05,1.6279e-15,1
4.3225e-04,7.5316e-16,1
1.5271e-03,1.3185e+30,1
3.8293e-05,1.6837e-15,1
1.5361e-05,2.1407e-15,1
5.5270e-04,7.6706e-16,1
6.1083e-03,inf,1
1.8451e-03,4.9268e+107,1
2.0303e-03,4.8666e+182,1
2.0979e-03,6.1432e+216,1
7.8384e-04,3.3219e-15,1
2.4913e-05,1.8920e-15,1
4.1304e-05,1.6483e-15,1
2.1747e-03,2.1216e+260,1
6.1391e-05,1.4691e-15,1
4.1093e-05,1.6507e-15,1
3.1563e-04,8.3922e-16,1
8.9597e-05,1.3077e-15,1
6.9368e-03,inf,1
4.4573e-05,1.6131e-15,1
1.5749e-03,2.5229e+38,1
1.4236e-04,1.1228e-15,1
7.2536e-05,1.3967e-15,1
6.3109e-03,inf,1
1.1028e-05,2.3201e-15,1
2.2858e-03,inf,1
3.2861e-05,1.7565e-15,1
1.7188e-04,1.0516e-15,1
8.9441e-04,3.7686e-14,1
9.9128e-03,inf,1
7.1703e-03,inf,1
2.0566e-03,3.2871e+195,1
2.4490e-04,9.2430e-16,1
4.9244e-03,inf,1
5.9681e-04,8.2924e-16,1
1.6218e-04,1.0733e-15,1
3.6471e-05,1.7067e-15,1
5.0379e-04,7.4200e-16,1
6.0648e-05,1.4744e-15,1
1.2838e-04,1.1629e-15,1
1.9274e-03,7.7852e+137,1
1.1477e-05,2.2981e-15,1
2.5891e-05,1.8728e-15,1
4.1276e-04,7.6270e-16,1
2.8587e-04,8.7163e-16,1
1.8323e-05,2.0482e-15,1
7.5734e-04,2.3307e-15,1
3.4236e-04,8.1375e-16,1
2.2345e-05,1.9466e-15,1
2.2484e-04,9.5424e-16,1
3.5201e-03,inf,1
7.0034e-03,inf,1
2.8804e-03,inf,1
9.7728e-03,inf,1
3.5981e-05,1.7132e-15,1
3.6146e-04,7.9755e-16,1
9.4740e-05,1.2847e-15,1
2.5709e-03,inf,1
2.7999e-05,1.8342e-15,1
2.8147e-05,1.8316e-15,1
1.0094e-04,1.2588e-15,1
4.2057e-04,7.5861e-16,1
5.5459e-04,7.6881e-16,1
9.0534e-05,1.3034e-15,1
4.3545e-05,1.6238e-15,1
3.6186e-03,inf,1
4.9445e-03,inf,1
6.9781e-04,1.3192e-15,1
9.8084e-05,1.2705e-15,1
4.6651e-04,7.4246e-16,1
5.2441e-04,7.4832e-16,1
3.8175e-04,7.8221e-16,1
6.8394e-04,1.1992e-15,1
1.2531e-04,1.1724e-15,1
2.8993e-04,8.6695e-16,1
2.0675e-05,1.9861e-15,1
2.1503e-04,9.7006e-16,1
1.0941e-04,1.2262e-15,1
1.3656e-04,1.1389e-15,1
1.0580e-05,2.3430e-15,1
2.3812e-05,1.9146e-15,1
8.7295e-03,inf,1
2.1196e-05,1.9734e-15,1
6.2694e-04,9.0676e-16,1
9.7341e-04,7.9364e-13,1
5.3494e-03,inf,1
1.5443e-05,2.1379e-15,1
1.3717e-05,2.2012e-15,1
4.1928e-03,inf,1
5.3556e-04,7.5416e-16,1
1.5770e-05,2.1268e-15,1
8.1324e-04,5.3819e-15,1
4.7003e-05,1.5887e-15,1
1.1823e-05,2.2818e-15,1
2.2634e-03,inf,1
2.4885e-04,9.1876e-16,1
4.0199e-03,inf,1
2.2869e-05,1.9349e-15,1
5.0298e-03,inf,1
5.9599e-03,inf,1
7.0357e-03,inf,1
2.0447e-05,1.9917e-15,1
2.7431e-05,1.8443e-15,1
4.7674e-04,7.4103e-16,1
3.8177e-04,7.8219e-16,1
5.6852e-03,inf,1
9.4911e-04,2.6886e-13,1
5.8575e-03,inf,1
1.8089e-03,7.6960e+95,1
4.5222e-05,1.6064e-15,1
4.3636e-05,1.6229e-15,1
1.1385e-04,1.2103e-15,1
1.6498e-05,2.1030e-15,1
2.5408e-05,1.8822e-15,1
3.3723e-03,inf,1
9.9507e-03,inf,1
1.3080e-04,1.1556e-15,1
1.9276e-04,1.0095e-15,1
1.7244e-05,2.0798e-15,1
4.7204e-03,inf,1
1.3424e-04,1.1455e-15,1
2.9216e-05,1.8134e-15,1
3.8608e-05,1.6799e-15,1
1.2333e-05,2.2587e-15,1
1.4202e-03,1.2832e+15,1
1.8112e-05,2.0543e-15,1
3.4138e-04,8.1462e-16,1
2.7961e-05,1.8349e-15,1
2.9810e-04,8.5777e-16,1
2.8011e-03,inf,1
6.9649e-05,1.4142e-15,1
1.0397e-05,2.3527e-15,1
2.7115e-03,inf,1
4.5182e-03,inf,1
9.3202e-03,inf,1
4.4523e-03,inf,1
3.4631e-04,8.1026e-16,1
5.3850e-05,1.5272e-15,1
1.1048e-05,2.3191e-15,1
3.5623e-03,inf,1
6.8088e-04,1.1761e-15,1
3.5097e-04,8.0623e-16,1
2.0714e-05,1.9851e-15,1
1.0871e-05,2.3280e-15,1
3.9883e-04,7.7085e-16,1
4.2422e-03,inf,1
1.7911e-05,2.0600e-15,1
4.4754e-05,1.6112e-15,1
1.0838e-03,8.4646e-10,1
3.2981e-05,1.7547e-15,1
2.1876e-05,1.9573e-15,1
4.8459e-03,inf,1
3.6753e-05,1.7031e-15,1
8.2329e-05,1.3430e-15,1
4.2753e-03,inf,1
3.6252e-03,inf,1
5.6167e-05,1.5084e-15,1
1.8942e-05,2.0310e-15,1
5.4606e-04,7.6145e-16,1
3.4502e-05,1.7331e-15,1
8.0021e-03,inf,1
2.4506e-03,inf,1
1.4375e-03,1.7714e+17,1
1.5106e-05,2.1496e-15,1
2.1619e-04,9.6815e-16,1
5.0757e-05,1.5538e-15,1
5.1888e-03,inf,1
4.6981e-03,inf,1
1.6324e-04,1.0709e-15,1
1.4921e-04,1.1049e-15,1
1.7225e-04,1.0508e-15,1
1.5074e-04,1.1010e-15,1
1.7438e-04,1.0463e-15,1
3.3842e-05,1.7423e-15,1
5.0542e-05,1.5557e-15,1
1.0599e-05,2.3420e-15,1
4.1473e-05,1.6464e-15,1
4.3448e-05,1.6249e-15,1
3.6846e-04,7.9204e-16,1
3.2106e-04,8.3378e-16,1
5.2753e-04,7.4976e-16,1
1.9163e-05,2.0251e-15,1
1.2397e-05,2.2559e-15,1
2.1935e-03,6.2003e+271,1
1.1468e-04,1.2074e-15,1
6.6214e-03,inf,1
7.8056e-03,inf,1
1.7636e-04,1.0421e-15,1
1.6853e-03,5.1941e+61,1
5.0470e-04,7.4217e-16,1
6.7246e-05,1.4293e-15,1
5.8426e-05,1.4909e-15,1
3.1691e-04,8.3793e-16,1
7.9220e-04,3.7720e-15,1
3.3748e-03,inf,1
2.7304e-05,1.8466e-15,1
4.1298e-04,7.6259e-16,1
1.7587e-05,2.0696e-15,1
3.7662e-05,1.6916e-15,1
9.2277e-03,inf,1
1.0388e-05,2.3532e-15,1
9.4758e-04,2.5230e-13,1
7.4597e-04,2.0439e-15,1
1.0910e-04,1.2274e-15,1
3.7771e-04,7.8511e-16,1
1.0672e-04,1.2362e-15,1
5.6401e-05,1.5066e-15,1
2.2783e-05,1.9368e-15,1
1.6223e-05,2.1119e-15,1
1.3335e-05,2.2164e-15,1
1.0621e-04,1.2382e-15,1
7.2315e-05,1.3980e-15,1
1.2623e-04,1.1695e-15,1
1.0521e-04,1.2420e-15,1
8.0314e-05,1.3534e-15,1
6.4159e-03,inf,1
6.2275e-04,8.9368e-16,1
8.9848e-04,4.2744e-14,1
7.1815e-04,1.5533e-15,1
1.3073e-03,4.9510e+03,1
3.8869e-03,inf,1
4.9766e-05,1.5627e-15,1
1.1383e-03,1.2360e-07,1
4.6061e-03,inf,1
1.4662e-05,2.1655e-15,1
4.9613e-05,1.5641e-15,1
2.1792e-05,1.9593e-15,1
3.4810e-03,inf,1
9.7726e-04,9.5458e-13,1
1.3523e-05,2.2088e-15,1
6.1567e-05,1.4678e-15,1
4.2901e-04,7.5459e-16,1
7.6442e-05,1.3743e-15,1
2.2928e-03,inf,1
1.0872e-05,2.3279e-15,1
3.9359e-04,7.7417e-16,1
4.4931e-03,inf,1
1.6644e-05,2.0984e-15,1
2.5401e-03,inf,1
2.1703e-05,1.9614e-15,1
2.8518e-04,8.7244e-16,1
9.4680e-05,1.2849e-15,1
2.4454e-03,inf,1
1.6440e-04,1.0682e-15,1
1.2091e-03,5.4370e-04,1
6.9589e-03,inf,1
3.9817e-04,7.7126e-16,1
1.1838e-05,2.2811e-15,1
7.6848e-03,inf,1
7.9351e-03,inf,1
1.5732e-05,2.1281e-15,1
2.8791e-05,1.8205e-15,1
1.0680e-05,2.3378e-15,1
5.1995e-03,inf,1
1.9471e-05,2.0169e-15,1
4.8590e-04,7.4054e-16,1
5.5590e-05,1.5130e-15,1
1.5017e-04,1.1024e-15,1
3.0576e-04,8.4948e-16,1
1.7934e-04,1.0359e-15,1
3.2138e-03,inf,1
1.4198e-03,1.1741e+15,1
3.8872e-03,inf,1
3.4013e-04,8.1574e-16,1
1.0735e-04,1.2338e-15,1
8.7262e-05,1.3187e-15,1
1.1106e-03,8.4968e-09,1
2.2946e-04,9.4707e-16,1
1.6480e-05,2.1036e-15,1
3.0446e-03,inf,1
3.7791e-03,inf,1
5.8032e-03,inf,1
1.0828e-03,7.8113e-10,1
6.9246e-03,inf,1
3.4932e-04,8.0765e-16,1
1.9733e-04,1.0009e-15,1
1.3527e-04,1.1425e-15,1
1.5150e-03,1.5404e+28,1
3.9586e-04,7.7272e-16,1
7.2237e-05,1.3985e-15,1
1.1914e-05,2.2776e-15,1
5.4318e-05,1.5233e-15,1
6.2360e-04,8.9627e-16,1
8.8332e-05,1.3136e-15,1
6.9902e-05,1.4126e-15,1
2.6362e-05,1.8639e-15,1
4.8382e-04,7.4058e-16,1
1.8353e-04,1.0274e-15,1
3.2361e-04,8.3127e-16,1
8.1490e-05,1.3473e-15,1
3.4810e-05,1.7289e-15,1
1.2056e-04,1.1876e-15,1
2.9455e-05,1.8094e-15,1
1.3933e-03,1.0395e+12,1
6.0812e-04,8.5415e-16,1
1.9304e-05,2.0213e-15,1
3.8287e-04,7.8142e-16,1
7.6803e-05,1.3723e-15,1
7.6965e-03,inf,1
2.8975e-04,8.6715e-16,1
6.5385e-03,inf,1
9.1443e-04,7.2133e-14,1
1.6486e-04,1.0672e-15,1
1.3122e-05,2.2251e-15,1
5.7265e-04,7.8925e-16,1
4.2323e-04,7.5730e-16,1
6.2491e-05,1.4613e-15,1
2.7847e-04,8.8041e-16,1
4.1293e-03,inf,1
1.4182e-04,1.1243e-15,1
7.7682e-03,inf,1
1.1411e-05,2.3013e-15,1
1.4603e-03,1.6798e+20,1
4.8639e-04,7.4053e-16,1
3.5290e-03,inf,1
2.3560e-04,9.3779e-16,1
4.2216e-03,inf,1
7.0709e-05,1.4077e-15,1
8.0979e-05,1.3499e-15,1
1.2821e-04,1.1634e-15,1
5.8396e-03,inf,1
3.8101e-05,1.6861e-15,1
2.0339e-04,9.9002e-16,1
1.7389e-05,2.0755e-15,1
6.5802e-05,1.4388e-15,1
7.4447e-04,2.0107e-15,1
1.6716e-05,2.0961e-15,1
2.8853e-03,inf,1
1.8959e-05,2.0306e-15,1
6.3324e-04,9.2804e-16,1
8.0279e-04,4.4812e-15,1
7.7452e-04,2.9088e-15,1
6.9416e-04,1.2849e-15,1
2.4920e-04,9.1827e-16,1
1.8211e-04,1.0303e-15,1
5.4229e-03,inf,1
3.9959e-04,7.7038e-16,1
4.1857e-03,inf,1
4.2928e-05,1.6304e-15,1
3.6708e-05,1.7037e-15,1
8.8025e-04,2.4897e-14,1
6.7486e-03,inf,1
1.5521e-04,1.0899e-15,1
1.1223e-04,1.2160e-15,1
8.3468e-03,inf,1
6.0647e-05,1.4744e-15,1
5.7000e-05,1.5019e-15,1
9.5416e-04,3.3283e-13,1
1.8564e-04,1.0232e-15,1
2.2275e-03,inf,1
1.4172e-05,2.1837e-15,1
4.0262e-04,7.6853e-16,1
6.4290e-04,9.6487e-16,1
7.8019e-05,1.3657e-15,1
1.1243e-04,1.2153e-15,1
1.2898e-05,2.2344e-15,1
9.1521e-03,inf,1
6.4389e-03,inf,1
5.1088e-05,1.5509e-15,1
1.4439e-05,2.1737e-15,1
3.4849e-05,1.7284e-15,1
1.1496e-04,1.2064e-15,1
1.6040e-03,8.9621e+43,1
8.6419e-04,1.6209e-14,1
2.1652e-04,9.6762e-16,1
2.0024e-04,9.9565e-16,1
6.8341e-04,1.1951e-15,1
2.5240e-03,inf,1
3.3031e-05,1.7540e-15,1
7.6513e-05,1.3739e-15,1
4.6598e-05,1.5927e-15,1
9.0333e-04,4.9857e-14,1
7.2633e-05,1.3961e-15,1
1.7429e-05,2.0743e-15,1
2.6885e-03,inf,1
1.5539e-03,4.2670e+34,1
3.6579e-05,1.7053e-15,1
4.3855e-03,inf,1
1.8241e-04,1.0296e-15,1
1.2039e-03,2.7047e-04,1
2.6041e-03,inf,1
1.8335e-05,2.0479e-15,1
7.6872e-03,inf,1
2.6757e-05,1.8565e-15,1
3.3138e-05,1.7524e-15,1
2.8060e-05,1.8331e-15,1
4.7983e-04,7.4077e-16,1
1.3453e-03,1.2185e+07,1
4.6159e-04,7.4346e-16,1
2.8939e-05,1.8180e-15,1
6.4253e-03,inf,1
6.6895e-05,1.4316e-15,1
2.7568e-04,8.8380e-16,1
1.4622e-03,2.9714e+20,1
2.2699e-05,1.9387e-15,1
7.6337e-05,1.3749e-15,1
1.6459e-03,4.8757e+52,1
7.4984e-05,1.3825e-15,1
1.6321e-03,4.9859e+49,1
7.8032e-04,3.1557e-15,1
1.5110e-05,2.1495e-15,1
3.6723e-04,7.9299e-16,1
8.5577e-03,inf,1
4.0835e-04,7.6517e-16,1
2.0206e-04,9.9239e-16,1
3.8575e-03,inf,1
7.5095e-05,1.3819e-15,1
2.0959e-03,5.5438e+215,1
2.0566e-05,1.9888e-15,1
1.5223e-04,1.0972e-15,1
3.2733e-03,inf,1
4.8149e-05,1.5777e-15,1
2.3824e-04,9.3391e-16,1
6.2510e-04,9.0091e-16,1
2.8119e-05,1.8321e-15,1
6.4542e-04,9.7538e-16,1
1.7993e-03,7.5578e+92,1
3.7691e-04,7.8569e-16,1
1.5953e-05,2.1207e-15,1
4.3678e-05,1.6224e-15,1
1.8217e-04,1.0301e-15,1
4.7342e-03,inf,1
2.2518e-05,1.9427e-15,1
1.5684e-03,1.6018e+37,1
1.5645e-05,2.1310e-15,1
7.9027e-04,3.6600e-15,1
5.8095e-04,8.0118e-16,1
1.0612e-03,1.4933e-10,1
9.3003e-03,inf,1
2.2677e-03,inf,1
1.7424e-05,2.0744e-15,1
4.9482e-04,7.4085e-16,1
6.5019e-04,9.9647e-16,1
3.3068e-05,1.7534e-15,1
2.5238e-03,inf,1
6.4296e-03,inf,1
9.2914e-03,inf,1
5.2623e-04,7.4915e-16,1
2.5697e-05,1.8766e-15,1
8.3351e-03,inf,1
7.9578e-05,1.3573e-15,1
1.3871e-05,2.1952e-15,1
4.9160e-05,1.5683e-15,1
8.9608e-03,inf,1
8.5533e-04,1.3023e-14,1
2.1623e-05,1.9633e-15,1
2.5157e-05,1.8871e-15,1
2.7087e-03,inf,1
5.6221e-04,7.7657e-16,1
3.4238e-04,8.1373e-16,1
1.5216e-05,2.1458e-15,1
1.5334e-03,1.4360e+31,1
7.9484e-04,3.9323e-15,1
3.3512e-04,8.2032e-16,1
9.9169e-05,1.2660e-15,1
1.3631e-04,1.1396e-15,1
7.6485e-03,inf,1
4.6820e-04,7.4216e-16,1
5.2025e-03,inf,1
2.0259e-04,9.9143e-16,1
2.0768e-05,1.9838e-15,1
2.1641e-04,9.6780e-16,1
4.7335e-04,7.4140e-16,1
1.6128e-03,5.0105e+45,1
2.1628e-03,1.7900e+253,1
8.7220e-03,inf,1
1.3921e-05,2.1932e-15,1
1.5497e-03,8.2289e+33,1
1.2325e-03,1.4976e-02,1
4.5074e-04,7.4633e-16,1
9.9574e-04,2.4415e-12,1
8.4246e-05,1.3333e-15,1
7.7254e-03,inf,1
2.1915e-05,1.9564e-15,1
1.3117e-03,1.1625e+04,1
2.7113e-04,8.8942e-16,1
1.1054e-04,1.2221e-15,1
1.0777e-05,2.3328e-15,1
5.1590e-03,inf,1
1.6597e-05,2.0999e-15,1
5.1206e-04,7.4389e-16,1
5.1386e-05,1.5483e-15,1
1.8060e-04,1.0333e-15,1
1.7507e-05,2.0719e-15,1
1.9115e-03,4.5477e+131,1
1.1806e-04,1.1959e-15,1
1.3017e-04,1.1575e-15,1
7.5629e-05,1.3789e-15,1
3.8153e-05,1.6855e-15,1
4.2312e-04,7.5735e-16,1
5.9186e-05,1.4852e-15,1
1.0278e-04,1.2514e-15,1
8.3579e-03,inf,1
2.9262e-03,inf,1
5.2826e-03,inf,1
2.1452e-04,9.7092e-16,1
4.7303e-04,7.4144e-16,1
2.1810e-04,9.6503e-16,1
2.5754e-04,9.0694e-16,1
1.5061e-05,2.1512e-15,1
6.1098e-05,1.4712e-15,1
2.9088e-03,inf,1
1.1083e-03,6.9008e-09,1
6.0619e-04,8.4959e-16,1
3.5594e-04,8.0206e-16,1
7.3109e-03,inf,1
4.8828e-04,7.4054e-16,1
1.8799e-03,7.5398e+119,1
1.5595e-03,4.1000e+35,1
2.6606e-04,8.9582e-16,1
4.4262e-04,7.4905e-16,1
3.3481e-04,8.2060e-16,1
1.5901e-03,1.7191e+41,1
2.7440e-05,1.8441e-15,1
5.2352e-03,inf,1
3.1967e-04,8.3516e-16,1
7.7444e-04,2.9058e-15,1
5.2830e-03,inf,1
4.1039e-04,7.6402e-16,1
5.5351e-05,1.5149e-15,1
6.7103e-04,1.1089e-15,1
1.1390e-03,1.3305e-07,1
1.6786e-03,1.3261e+60,1
5.4095e-04,7.5767e-16,1
1.1114e-03,9.1296e-09,1
4.2063e-04,7.5858e-16,1
1.6380e-03,9.3943e+50,1
3.5319e-05,1.7220e-15,1
4.0195e-03,inf,1
1.1038e-05,2.3196e-15,1
1.1654e-03,2.3330e-06,1
3.6994e-03,inf,1
1.2043e-03,2.8317e-04,1
5.8193e-04,8.0270e-16,1
8.5346e-03,inf,1
9.6394e-03,inf,1
1.4739e-05,2.1627e-15,1
3.4112e-04,8.1485e-16,1
2.7490e-05,1.8432e-15,1
6.4707e-04,9.8250e-16,1
3.8660e-05,1.6793e-15,1
1.7577e-03,4.1394e+80,1
3.6256e-04,7.9667e-16,1
4.7788e-05,1.5812e-15,1
1.7163e-04,1.0522e-15,1
1.3995e-05,2.1904e-15,1
3.8890e-03,inf,1
6.0504e-05,1.4755e-15,1
1.2053e-03,3.2691e-04,1
4.7181e-03,inf,1
1.3207e-03,6.9419e+04,1
1.6762e-03,3.6285e+59,1
1.1768e-03,8.7607e-06,1
6.9083e-03,inf,1
6.1595e-03,inf,1
2.6859e-04,8.9261e-16,1
3.4571e-04,8.1078e-16,1
2.3453e-04,9.3939e-16,1
3.0285e-03,inf,1
9.6059e-04,4.4055e-13,1
2.6663e-05,1.8583e-15,1
6.8862e-04,1.2367e-15,1
4.5150e-04,7.4610e-16,1
1.9394e-05,2.0189e-15,1
1.5933e-05,2.1214e-15,1
1.0121e-03,6.0632e-12,1
1.3482e-05,2.2105e-15,1
1.3292e-03,3.9353e+05,1
3.1119e-03,inf,1
5.2587e-04,7.4897e-16,1
1.2780e-03,2.2563e+01,1
3.5059e-03,inf,1
1.1133e-04,1.2192e-15,1
8.4714e-05,1.3310e-15,1
7.0060e-03,inf,1
1.0093e-05,2.3692e-15,1
2.3724e-04,9.3537e-16,1
1.4340e-04,1.1200e-15,1
6.5489e-05,1.4408e-15,1
1.5816e-03,4.3262e+39,1
1.8125e-05,2.0539e-15,1
4.8283e-03,inf,1
1.3771e-03,1.8334e+10,1
2.6864e-04,8.9255e-16,1
8.5786e-03,inf,1
